model,teams,clip_id,clip_path,label_path,meta_path,kind,reason,start_sec,end_sec,latency_ms,prompt_tokens,completion_tokens,json_valid,scene_type,score_detected,match_clock_detected,confidence,event_candidates_json,expected_score,expected_clock,score_exact_match,clock_exact_match,clock_minute_match,predicted_strong_event,error,raw_content
Qwen2.5-VL-7B-Instruct-4bit,Fortaleza FC x Deportivo Pasto,Fortaleza_FC_x_Deportivo_Pasto__001,/Volumes/990 PRO PCIe 4T/match_plan_dataset_library/04_golden_samples/clips/Fortaleza_FC_x_Deportivo_Pasto/Fortaleza_FC_x_Deportivo_Pasto__001.mp4,/Volumes/990 PRO PCIe 4T/match_plan_dataset_library/04_golden_samples/labels/Fortaleza_FC_x_Deportivo_Pasto/Fortaleza_FC_x_Deportivo_Pasto__001.json,/Volumes/990 PRO PCIe 4T/match_plan_dataset_library/04_golden_samples/meta/Fortaleza_FC_x_Deportivo_Pasto/Fortaleza_FC_x_Deportivo_Pasto__001.json,event,"ratio_re,ior_reh,ior_rec,ratio_rouo,ior_rouh,ior_rouc",8.479,21.479,6317.0,3011,110,True,unknown,,,0.8,"[{""label"": ""dangerous_attack"", ""confidence"": 0.8}, {""label"": ""replay_sequence"", ""confidence"": 0.7}]",1-1,66:10,False,False,False,True,,"```json
{
  ""scene_type"": ""unknown"",
  ""score_detected"": """",
  ""match_clock_detected"": """",
  ""event_candidates"": [
    {
      ""label"": ""dangerous_attack"",
      ""confidence"": 0.8
    },
    {
      ""label"": ""replay_sequence"",
      ""confidence"": 0.7
    }
  ],
  ""confidence"": 0.8,
  ""explanation_short"": ""球员似乎在庆祝，可能是因为危险进攻或回放序列。""
}
```"
Qwen2.5-VL-7B-Instruct-4bit,Fortaleza FC x Deportivo Pasto,Fortaleza_FC_x_Deportivo_Pasto__002,/Volumes/990 PRO PCIe 4T/match_plan_dataset_library/04_golden_samples/clips/Fortaleza_FC_x_Deportivo_Pasto/Fortaleza_FC_x_Deportivo_Pasto__002.mp4,/Volumes/990 PRO PCIe 4T/match_plan_dataset_library/04_golden_samples/labels/Fortaleza_FC_x_Deportivo_Pasto/Fortaleza_FC_x_Deportivo_Pasto__002.json,/Volumes/990 PRO PCIe 4T/match_plan_dataset_library/04_golden_samples/meta/Fortaleza_FC_x_Deportivo_Pasto/Fortaleza_FC_x_Deportivo_Pasto__002.json,event,"ior_rouh,ior_rouc",42.819,55.819,5304.99,3011,107,True,live_play,,,0.8,"[{""label"": ""dangerous_attack"", ""confidence"": 0.8}, {""label"": ""substitution"", ""confidence"": 0.7}]",1-1,66:45,False,False,False,True,,"```json
{
  ""scene_type"": ""live_play"",
  ""score_detected"": """",
  ""match_clock_detected"": """",
  ""event_candidates"": [
    {
      ""label"": ""dangerous_attack"",
      ""confidence"": 0.8
    },
    {
      ""label"": ""substitution"",
      ""confidence"": 0.7
    }
  ],
  ""confidence"": 0.8,
  ""explanation_short"": ""球员正在激烈对抗，可能即将发生换人。""
}
```"
Qwen2.5-VL-7B-Instruct-4bit,Fortaleza FC x Deportivo Pasto,Fortaleza_FC_x_Deportivo_Pasto__003,/Volumes/990 PRO PCIe 4T/match_plan_dataset_library/04_golden_samples/clips/Fortaleza_FC_x_Deportivo_Pasto/Fortaleza_FC_x_Deportivo_Pasto__003.mp4,/Volumes/990 PRO PCIe 4T/match_plan_dataset_library/04_golden_samples/labels/Fortaleza_FC_x_Deportivo_Pasto/Fortaleza_FC_x_Deportivo_Pasto__003.json,/Volumes/990 PRO PCIe 4T/match_plan_dataset_library/04_golden_samples/meta/Fortaleza_FC_x_Deportivo_Pasto/Fortaleza_FC_x_Deportivo_Pasto__003.json,event,"ior_rouh,ior_rouc",66.554,79.554,5285.35,3011,108,True,live_play,,,0.8,"[{""label"": ""dangerous_attack"", ""confidence"": 0.8}, {""label"": ""substitution"", ""confidence"": 0.7}]",1-1,67:09,False,False,False,True,,"```json
{
  ""scene_type"": ""live_play"",
  ""score_detected"": """",
  ""match_clock_detected"": """",
  ""event_candidates"": [
    {
      ""label"": ""dangerous_attack"",
      ""confidence"": 0.8
    },
    {
      ""label"": ""substitution"",
      ""confidence"": 0.7
    }
  ],
  ""confidence"": 0.8,
  ""explanation_short"": ""球员正在激烈对抗，可能有换人即将发生。""
}
```"
